Name,Group,Password
Lewis Hamilton,Mercedes,4Ft8kR5N
Nico Rosberg,Mercedes,2Nf9tH4K
Valtteri Bottas,Mercedes,7Cn8yR3K
Sergio Perez,Martini Racing,8Bh7yU1R
Felipe Massa,Martini Racing,5Gh6jK9D
Stirling Moss,Martini Racing,3Tf7kR6N
Juan Manuel Fangio,Mercedes,9Bf5jK2L
Nico Hulkenberg,Martini Racing,6Ht7yU9P
Michael Schumacher,Mercedes,1Sf6kT8N
George Russell,Mercedes,2Vb8tF6K
Juan Pablo Montoya,Martini Racing,4Gh9tF5J
Keke Rosberg,Mercedes,3Nf8tH6R
Jacques Villeneuve,Martini Racing,7Pn3bH4G
Rubens Barrichello,Martini Racing,8Tf6jK3N
Carlos Reutemann,Martini Racing,6Tb9yH3L
Valtteri Bottas,Martini Racing,9Nj7yU2K
David Coulthard,Mercedes,5Ft6jK2L
Riccardo Patrese,Martini Racing,1Bf6tR8J
Ayrton Senna,Martini Racing,2Tf7kR5N
Alain Prost,Martini Racing,9Vb4yD6J